ID;DEF
1;0
7;0
12;0
17;0
22;0
28;0
29;0
41;0
45;0
47;0
48;0
51;0
53;0
66;0
76;0
82;0
87;0
88;0
89;0
94;0
96;0
98;0
103;0
109;0
113;1
116;1
122;0
133;0
134;0
142;0
145;0
146;0
149;0
155;0
158;0
159;1
163;0
164;0
170;0
175;0
177;0
196;1
197;0
202;0
203;0
204;0
208;0
211;0
214;0
215;1
217;0
228;0
237;0
239;0
240;0
242;0
248;0
265;0
270;1
278;0
297;0
306;0
321;0
324;0
333;0
334;0
336;0
338;0
345;0
352;0
357;0
358;0
378;0
380;0
386;0
393;0
404;0
411;1
413;0
414;0
416;0
422;0
423;0
426;0
429;0
431;0
433;0
436;0
438;0
442;0
448;0
452;1
453;0
456;0
460;0
462;0
463;0
465;0
471;0
477;0
482;0
486;0
491;0
492;1
503;0
507;0
508;0
511;0
515;0
516;0
517;0
520;0
523;0
526;0
533;0
538;0
539;0
544;0
547;0
548;0
550;0
551;0
555;0
558;0
563;0
572;0
580;0
581;0
582;0
584;0
585;0
591;0
593;0
595;0
599;1
607;0
611;0
614;1
615;0
618;0
627;0
634;0
636;0
639;0
645;0
648;0
658;0
661;0
665;0
673;1
677;1
678;0
682;0
683;0
685;0
689;0
690;0
694;0
695;0
698;0
702;0
707;0
710;0
720;0
721;0
724;0
725;0
729;0
736;0
742;0
748;0
750;1
766;0
768;0
771;0
777;0
784;0
787;0
788;0
797;0
800;0
808;0
816;0
822;0
823;0
824;0
828;0
833;0
837;1
838;0
841;0
847;0
858;1
863;1
866;0
868;0
869;0
875;0
877;0
878;0
879;0
883;0
884;0
892;0
894;0
896;0
903;0
906;0
909;0
913;0
918;0
919;0
926;0
927;0
929;0
933;0
934;1
938;0
944;1
949;0
960;0
963;0
974;0
982;1
1005;0
1010;0
1020;0
1025;0
1026;0
1030;1
1036;1
1039;0
1041;0
1043;0
1044;0
1048;0
1050;0
1051;1
1055;1
1060;0
1067;0
1075;0
1078;0
1087;0
1088;0
1090;0
1093;0
1094;0
1096;0
1100;0
1103;0
1106;0
1108;0
1112;0
1113;0
1119;0
1121;1
1125;0
1128;0
1134;1
1140;0
1142;0
1146;1
1160;0
1161;0
1163;0
1164;0
1166;1
1170;0
1171;0
1172;0
1173;0
1174;0
1175;0
1182;1
1183;1
1186;0
1188;0
1191;0
1193;0
1195;0
1205;0
1207;1
1219;0
1222;0
1224;0
1226;0
1227;0
1230;0
1237;1
1243;0
1251;0
1252;0
1258;0
1281;0
1282;0
1293;0
1312;1
1317;0
1337;1
1343;0
1345;0
1353;0
1358;1
1359;0
1364;0
1366;0
1368;0
1377;0
1380;1
1382;0
1384;0
1385;0
1389;0
1393;0
1394;0
1397;1
1406;0
1407;0
1411;0
1420;0
1425;0
1428;1
1442;0
1447;0
1450;0
1461;1
1468;0
1470;0
1473;0
1477;0
1481;0
1485;0
1492;0
1507;0
1509;0
1517;0
1521;1
1526;1
1528;0
1538;1
1544;0
1545;0
1553;0
1554;0
1556;0
1564;0
1568;0
1572;0
1586;0
1590;0
1607;1
1611;0
1614;0
1615;0
1617;0
1629;1
1633;0
1637;0
1644;0
1646;0
1658;0
1661;0
1663;0
1666;0
1677;0
1681;0
1683;0
1698;0
1703;0
1705;0
1714;0
1716;0
1722;0
1725;0
1727;0
1728;1
1730;0
1738;0
1744;0
1747;0
1751;0
1758;0
1759;0
1770;0
1773;0
1780;0
1791;0
1795;0
1798;0
1799;0
1806;0
1809;0
1810;0
1812;0
1824;0
1829;0
1830;0
1831;0
1834;0
1837;0
1840;1
1848;0
1849;0
1854;0
1857;0
1858;0
1859;0
1860;0
1864;0
1865;0
1868;0
1870;1
1871;0
1877;0
1878;0
1879;0
1881;0
1884;0
1888;0
1889;0
1894;0
1911;0
1922;0
1932;0
1934;0
1950;0
1963;0
1967;0
1973;0
1974;0
1984;0
1986;1
1987;0
1988;1
1989;1
1994;0
1997;0
2000;0
2002;0
2003;0
2007;0
2009;0
2016;0
2031;0
2049;0
2056;0
2060;0
2063;0
2070;0
2072;1
2074;0
2080;1
2081;0
2082;0
2085;0
2090;1
2092;0
2094;0
2095;1
2101;0
2113;0
2117;0
2123;0
2128;1
2135;1
2137;0
2146;0
2147;0
2155;0
2158;0
2159;0
2163;0
2164;0
2172;0
2182;0
2188;0
2189;0
2191;0
2196;0
2205;0
2214;0
2219;1
2220;0
2222;0
2227;0
2229;0
2233;0
2238;0
2248;0
2251;0
2253;0
2264;0
2265;0
2267;0
2275;0
2276;0
2279;1
2285;0
2288;0
2293;1
2300;0
2303;0
2312;0
2314;0
2316;0
2322;1
2328;0
2331;0
2333;1
2334;0
2339;0
2349;1
2355;0
2361;0
2363;1
2366;1
2367;0
2370;0
2374;0
2376;1
2378;0
2380;0
2382;0
2391;0
2392;0
2395;0
2404;0
2411;0
2414;0
2415;0
2422;1
2427;0
2430;0
2433;1
2437;0
2451;0
2453;0
2460;0
2467;0
2469;0
2479;0
2483;0
2486;0
2492;0
2499;0
2510;1
2519;0
2523;0
2529;0
2537;0
2539;0
2549;0
2554;0
2556;0
2562;0
2564;0
2568;0
2570;0
2574;0
2576;0
2577;0
2578;0
2586;0
2590;1
2604;0
2613;0
2619;0
2624;0
2627;0
2633;0
2642;1
2655;0
2664;0
2670;0
2679;0
2689;0
2694;0
2696;0
2701;0
2705;0
2709;0
2715;1
2724;0
2727;0
2733;0
2736;0
2739;0
2753;0
2759;0
2769;0
2785;0
2788;0
2791;0
2792;0
2796;0
2804;0
2809;0
2812;0
2815;0
2819;0
2829;0
2831;0
2834;0
2839;0
2853;1
2860;0
2882;0
2883;0
2888;0
2894;0
2903;0
2912;0
2925;0
2930;0
2938;0
2976;0
2979;0
2984;0
2991;1
2992;0
2996;0
3003;1
3009;0
3012;0
3014;0
3017;0
3024;1
3037;0
3050;0
3054;0
3062;0
3067;0
3073;0
3077;0
3085;0
3089;0
3096;0
3097;0
3100;0
3101;0
3102;0
3106;0
3107;0
3114;0
3116;0
3118;0
3123;0
3130;0
3135;0
3145;0
3146;0
3150;0
3156;0
3158;0
3159;0
3161;0
3164;0
3165;0
3166;0
3169;0
3183;0
3184;0
3185;0
3186;0
3187;1
3188;0
3189;0
3190;0
3199;0
3202;0
3207;0
3214;0
3216;0
3222;0
3226;0
3230;0
3231;0
3233;0
3234;1
3236;0
3239;0
3265;1
3267;0
3274;0
3281;0
3284;0
3294;0
3311;1
3313;0
3317;0
3318;0
3323;0
3325;0
3330;0
3331;0
3346;0
3347;1
3351;0
3352;0
3354;0
3355;0
3359;0
3361;0
3363;0
3365;0
3372;0
3377;0
3380;0
3381;0
3396;0
3405;0
3407;0
3411;0
3412;0
3417;0
3419;1
3433;0
3439;0
3441;0
3443;0
3444;0
3449;0
3461;0
3464;0
3472;0
3473;0
3485;0
3487;0
3488;0
3489;0
3492;0
3493;0
3502;0
3504;0
3509;0
3510;1
3514;0
3525;0
3529;0
3530;0
3531;0
3538;1
3544;0
3545;0
3560;0
3565;0
3568;1
3573;1
3579;0
3583;0
3601;0
3607;0
3619;0
3621;0
3623;0
3631;0
3634;0
3637;0
3638;0
3639;0
3644;0
3648;0
3651;0
3655;0
3662;0
3665;0
3670;0
3683;0
3695;1
3697;0
3713;0
3726;0
3728;0
3729;1
3732;0
3734;0
3744;1
3746;0
3749;0
3751;0
3752;0
3756;0
3758;0
3759;0
3761;0
3765;0
3771;0
3775;0
3780;0
3787;0
3789;0
3790;0
3801;0
3802;0
3804;0
3806;0
3807;0
3814;0
3818;0
3820;0
3828;0
3829;0
3844;0
3845;0
3848;0
3849;0
3859;0
3860;1
3865;0
3866;0
3870;0
3876;0
3878;0
3880;0
3881;0
3885;0
3892;0
3901;0
3904;0
3907;0
3908;1
3909;0
3916;0
3922;0
3925;0
3930;0
3934;0
3935;0
3937;0
3947;0
3954;0
3958;0
3960;0
3965;0
3969;0
3978;0
3991;1
3994;0
3995;0
4002;0
4009;0
4012;0
4013;0
4015;0
4017;0
4025;0
4028;1
4031;0
4038;0
4039;0
4040;1
4047;0
4050;0
4054;0
4062;0
4064;0
4066;1
4068;0
4069;0
4070;1
4074;0
4075;0
4082;0
4084;0
4085;1
4095;0
4097;0
4098;0
4099;1
4102;0
4103;0
4105;1
4109;0
4110;0
4120;0
4121;0
4128;0
4132;0
4133;0
4138;0
4142;1
4145;0
4148;1
4150;0
4152;0
4154;0
4159;0
4166;0
4168;0
4175;0
4176;0
4181;0
4187;0
4197;0
4198;0
4203;0
4206;0
4211;0
4215;0
4220;0
4228;0
4231;0
4233;0
4237;0
4249;1
4254;0
4256;0
4260;0
4263;0
4266;0
4270;0
4271;0
4277;0
4279;0
4284;0
4290;0
4292;0
4295;0
4298;0
4307;0
4314;0
4329;0
4330;0
4338;0
4342;0
4345;0
4347;0
4353;0
4354;0
4360;0
4361;0
4380;0
4384;0
4385;0
4388;1
4391;0
4397;0
4407;0
4409;0
4410;0
4424;0
4432;0
4446;0
4461;0
4474;0
4478;0
4491;0
4503;0
4519;0
4533;0
4534;0
4536;0
4537;0
4538;0
4541;0
4547;1
4550;0
4554;0
4565;0
4566;0
4568;0
4575;0
4585;0
4587;0
4589;1
4599;0
4609;1
4611;0
4615;0
4616;0
4617;0
4626;0
4628;0
4629;0
4631;1
4639;0
4643;0
4648;0
4651;0
4664;0
4665;0
4670;0
4671;0
4681;0
4689;1
4698;1
4702;0
4709;0
4715;0
4716;0
4718;0
4736;0
4742;0
4747;1
4749;0
4750;0
4752;0
4772;0
4778;0
4784;0
4786;0
4788;0
4789;1
4791;1
4797;0
4808;0
4811;0
4818;0
4819;0
4824;0
4825;0
4830;0
4842;0
4856;0
4866;0
4868;0
4875;0
4878;0
4879;0
4885;0
4892;0
4893;0
4894;1
4903;1
4904;0
4906;0
4919;0
4920;1
4924;0
4930;0
4931;0
4944;0
4949;0
4963;0
4965;0
4984;0
4990;0
5001;0
5006;0
5013;1
5016;0
5017;0
5021;0
5025;0
5032;1
5039;0
5041;0
5044;0
5048;0
5050;0
5051;0
5053;0
5057;1
5058;0
5059;0
5061;1
5083;0
5084;0
5085;1
5088;0
5110;0
5117;1
5132;0
5133;0
5134;0
5141;0
5148;0
5150;0
5155;0
5166;0
5168;0
5173;0
5177;0
5182;0
5188;0
5191;0
5201;0
5206;0
5210;0
5214;0
5219;1
5227;0
5229;0
5230;0
5232;0
5237;0
5238;0
5243;1
5254;0
5255;0
5262;0
5263;0
5266;0
5270;0
5271;0
5272;0
5273;0
5274;0
5276;0
5277;1
5282;0
5285;1
5288;0
5289;0
5291;0
5292;0
5305;0
5309;0
5312;0
5315;0
5316;0
5318;0
5321;0
5324;0
5326;0
5331;0
5336;0
5337;0
5340;1
5342;0
5346;0
5359;0
5373;0
5374;0
5384;0
5392;0
5394;0
5397;0
5400;0
5403;0
5416;0
5421;0
5422;0
5428;0
5429;0
5430;0
5439;0
5453;0
5456;0
5457;0
5460;0
5461;0
5479;0
5491;0
5502;0
5503;0
5511;0
5520;0
5524;0
5540;0
5548;0
5559;0
5569;0
5577;0
5582;0
5596;0
5598;0
5602;0
5603;0
5605;0
5608;0
5609;0
5614;0
5622;0
5624;0
5629;1
5630;0
5644;0
5647;0
5649;0
5654;0
5657;0
5658;0
5659;1
5660;0
5662;0
5665;0
5668;0
5673;0
5674;0
5679;0
5688;0
5689;0
5691;0
5694;0
5698;0
5699;0
5707;0
5716;0
5727;1
5728;0
5729;0
5732;0
5737;1
5740;0
5746;0
5750;0
5753;0
5754;0
5762;0
5773;0
5786;1
5790;0
5794;0
5802;0
5803;0
5805;0
5816;0
5818;1
5823;0
5825;0
5826;1
5834;1
5841;0
5842;0
5846;1
5847;0
5848;0
5849;0
5852;0
5857;0
5859;0
5861;0
5878;0
5888;0
5891;0
5897;0
5899;0
5902;0
5903;0
5907;0
5919;0
5921;0
5923;0
5926;0
5933;0
5940;0
5950;0
5953;0
5959;0
5962;0
5964;1
5968;0
5978;1
5981;0
5984;0
5989;0
6007;0
6013;0
6021;0
6022;0
6024;0
6034;0
6040;0
6044;0
6045;1
6053;0
6060;0
6066;1
6077;1
6083;1
6084;1
6085;1
6101;0
6104;0
6109;1
6127;0
6131;0
6144;0
6148;0
6152;0
6155;1
6160;1
6163;0
6167;0
6172;0
6184;0
6187;0
6188;0
6190;0
6197;0
6203;0
6205;0
6207;0
6223;0
6232;0
6255;0
6260;0
6261;0
6271;0
6285;0
6296;0
6301;1
6305;0
6306;0
6308;0
6312;0
6315;0
6318;0
6330;0
6334;0
6335;1
6345;1
6347;0
6348;1
6353;1
6359;0
6363;0
6371;1
6392;0
6399;0
6410;0
6424;0
6428;0
6437;0
6445;0
6447;0
6455;0
6462;0
6464;0
6470;0
6476;0
6483;0
6484;0
6485;0
6486;0
6493;1
6495;0
6499;0
6501;0
6507;1
6508;0
6514;0
6527;0
6536;0
6546;0
6549;0
6552;0
6555;0
6574;0
6581;0
6582;1
6587;0
6588;0
6590;0
6591;0
6593;0
6594;0
6604;0
6606;0
6616;0
6632;0
6635;0
6639;0
6645;0
6653;0
6654;0
6657;0
6660;1
6668;1
6671;0
6675;0
6684;0
6688;1
6693;0
6698;0
6711;0
6714;0
6715;0
6720;0
6722;0
6732;0
6744;0
6746;0
6747;0
6764;0
6768;0
6775;0
6791;0
6794;0
6799;0
6802;0
6803;0
6811;0
6816;0
6825;0
6829;1
6839;1
6854;0
6860;0
6875;0
6879;0
6886;0
6889;0
6890;0
6901;0
6922;0
6928;0
6929;0
6930;1
6937;0
6943;0
6944;0
6956;0
6958;0
6960;0
6963;0
6965;0
6966;0
6968;0
6975;0
6982;0
6983;0
6985;0
6991;0
6994;0
7003;1
7009;0
7017;0
7019;0
7021;0
7022;0
7025;0
7028;0
7029;0
7032;0
7037;0
7044;0
7046;0
7047;1
7050;0
7054;1
7057;1
7061;0
7080;0
7083;0
7084;0
7090;0
7099;0
7107;0
7109;0
7110;0
7111;0
7112;0
7119;1
7132;0
7134;0
7139;0
7149;0
7151;0
7152;0
7155;1
7158;0
7159;0
7166;0
7167;0
7169;1
7170;0
7175;1
7181;0
7187;0
7191;0
7194;0
7197;0
7198;0
7202;0
7211;0
7224;0
7254;0
7256;0
7279;0
7282;0
7287;0
7290;0
7292;1
7294;0
7302;0
7303;0
7311;1
7313;0
7325;0
7333;0
7335;0
7338;0
7339;1
7350;1
7361;0
7364;0
7368;0
7371;0
7372;0
7378;1
7379;0
7387;0
7389;0
7392;0
7393;0
7396;0
7411;0
7415;0
7416;0
7418;0
7426;0
7436;0
7439;0
7448;1
7465;0
7473;0
7486;0
7490;0
7496;0
7506;0
7509;0
7510;0
7511;0
7513;0
7515;0
7516;0
7519;0
7527;0
7532;1
7533;0
7536;1
7538;0
7541;0
7547;0
7553;0
7555;0
7557;0
7561;1
7574;0
7586;0
7591;0
7599;0
7605;0
7607;0
7608;0
7615;0
7616;0
7617;1
7620;0
7622;0
7625;0
7627;0
7630;0
7632;0
7647;0
7648;0
7649;0
7652;0
7656;0
7660;1
7669;0
7671;0
7677;0
7679;0
7681;0
7683;0
7685;0
7692;0
7693;1
7694;0
7695;0
7698;0
7702;0
7704;0
7705;0
7726;0
7737;0
7748;0
7749;0
7750;0
7751;0
7772;0
7773;0
7775;1
7778;0
7779;0
7788;0
7800;0
7806;0
7818;1
7823;0
7832;0
7835;0
7842;0
7851;1
7863;0
7876;0
7878;0
7882;0
7895;0
7898;0
7900;0
7902;1
7909;0
7914;0
7918;0
7925;0
7933;1
7937;0
7939;0
7945;1
7951;0
7960;1
7962;1
7970;0
7972;0
7975;0
7977;0
7984;0
7988;1
7989;0
7992;0
8007;0
8033;0
8037;0
8041;0
8042;1
8048;0
8061;0
8065;0
8071;0
8079;0
8081;0
8088;0
8089;0
8093;0
8103;0
8104;0
8106;0
8112;0
8116;0
8120;0
8123;0
8129;0
8131;0
8133;0
8135;1
8150;0
8166;0
8167;0
8169;0
8170;0
8174;0
8176;0
8177;0
8179;1
8181;0
8187;0
8193;0
8194;0
8197;0
8204;0
8220;0
8225;0
8229;0
8237;0
8241;0
8247;0
8251;1
8255;0
8258;0
8261;0
8264;0
8266;0
8278;0
8279;0
8284;0
8299;0
8302;0
8305;0
8306;0
8318;0
8319;0
8329;0
8334;0
8347;0
8355;0
8377;0
8386;0
8387;0
8395;0
8396;0
8398;0
8402;0
8410;0
8422;0
8423;0
8424;0
8431;1
8437;0
8438;0
8439;0
8441;0
8446;0
8458;0
8473;0
8486;0
8495;1
8505;0
8507;0
8510;0
8517;0
8520;0
8522;1
8529;0
8533;0
8551;0
8552;0
8554;0
8557;0
8568;0
8573;0
8576;0
8577;0
8579;0
8580;0
8586;0
8591;0
8592;1
8593;1
8595;0
8599;0
8600;0
8618;0
8625;0
8627;0
8632;0
8633;0
8638;0
8644;0
8653;0
8656;0
8660;0
8661;0
8669;0
8671;0
8672;0
8674;0
8680;0
8683;1
8686;0
8687;0
8689;0
8693;0
8699;0
8706;0
8708;1
8710;0
8711;0
8712;0
8714;0
8729;0
8731;0
8733;0
8734;0
8738;0
8741;0
8746;0
8747;0
8752;0
8760;0
8761;0
8764;0
8765;0
8771;0
8773;1
8782;0
8783;0
8786;0
8790;0
8804;0
8816;0
8819;0
8821;0
8822;1
8828;0
8831;0
8832;0
8834;1
8837;0
8846;0
8851;0
8859;0
8860;0
8874;0
8878;1
8888;0
8902;0
8904;0
8913;0
8914;0
8915;0
8916;0
8919;0
8923;0
8935;0
8948;0
8953;0
8956;0
8965;0
8966;0
8969;0
8976;0
8984;0
8986;0
8990;0
8991;0
8993;0
9002;0
9024;0
9029;0
9030;0
9035;0
9045;0
9053;0
9057;0
9058;0
9060;0
9064;0
9067;0
9069;0
9070;0
9074;0
9085;1
9086;0
9092;0
9109;0
9114;0
9122;0
9135;0
9153;0
9157;0
9158;0
9163;0
9169;0
9170;0
9174;0
9177;0
9184;0
9187;0
9190;0
9194;1
9202;0
9204;0
9220;0
9222;0
9230;0
9232;0
9236;0
9238;0
9242;0
9243;0
9244;0
9248;0
9250;0
9264;0
9279;0
9287;1
9288;0
9294;0
9296;0
9298;0
9308;0
9312;0
9318;0
9324;0
9326;0
9327;0
9328;0
9337;0
9349;0
9353;0
9355;0
9356;0
9360;0
9372;0
9373;0
9374;0
9383;0
9384;0
9398;0
9399;0
9400;0
9402;0
9406;0
9407;0
9412;0
9415;0
9416;0
9418;0
9419;0
9424;0
9436;1
9438;1
9439;0
9443;0
9452;1
9465;0
9470;0
9473;1
9481;0
9493;1
9494;0
9495;1
9498;0
9503;0
9510;0
9511;0
9512;0
9514;0
9525;0
9528;0
9529;0
9530;0
9534;0
9540;0
9546;0
9550;0
9551;1
9561;0
9562;0
9564;0
9568;0
9570;0
9571;1
9573;0
9575;0
9589;0
9590;0
9595;0
9597;0
9600;0
9607;0
9609;0
9612;0
9625;0
9638;0
9644;0
9653;0
9655;0
9661;1
9662;1
9665;0
9669;0
9670;0
9673;0
9674;0
9675;0
9676;0
9684;0
9695;1
9696;0
9702;0
9703;0
9704;0
9708;0
9720;0
9723;0
9729;0
9734;0
9738;0
9741;0
9745;0
9750;0
9753;0
9761;0
9772;0
9774;0
9784;0
9790;0
9795;0
9803;0
9814;0
9817;0
9822;1
9829;0
9840;0
9841;0
9848;0
9854;0
9863;0
9870;0
9872;0
9876;0
9881;1
9886;0
9906;0
9908;0
9916;0
9919;1
9922;0
9929;0
9931;0
9941;0
9943;0
9961;0
9963;1
9970;0
9987;0
9990;0
10001;0
10005;0
10006;0
10012;0
10013;0
10017;0
10018;0
10019;0
10022;0
10028;0
10046;0
10049;0
10052;0
10053;0
10055;0
10062;0
10063;0
10065;0
10077;0
10082;0
10088;0
10093;0
10094;0
10096;0
10103;1
10107;0
10112;0
10131;0
10136;0
10137;0
10145;0
10151;0
10153;0
10155;0
10158;0
10166;0
10174;0
10182;0
10183;0
10184;1
10193;0
10195;1
10203;0
10205;0
10206;0
10216;1
10217;1
10218;0
10220;0
10234;0
10237;0
10240;0
10265;0
10268;0
10269;0
10274;0
10284;0
10286;0
10287;0
10291;0
10294;0
10296;0
10311;0
10316;0
10317;0
10329;0
10330;1
10334;0
10347;0
10349;0
10360;0
10369;0
10370;1
10372;0
10375;0
10377;0
10383;0
10400;0
10402;0
10403;0
10414;0
10421;0
10425;1
10426;0
10433;0
10437;0
10438;0
10441;0
10443;0
10458;0
10463;0
10464;0
10465;0
10473;1
10474;0
10482;0
10484;0
10487;0
10497;0
10504;0
10507;0
10514;0
10524;0
10526;0
10527;0
10543;0
10544;0
10545;0
10549;0
10554;1
10556;0
10562;0
10565;0
10569;0
10574;0
10575;0
10577;0
10581;0
10582;0
10588;0
10591;0
10596;0
10602;0
10612;0
10615;0
10619;0
10623;0
10625;0
10635;0
10642;0
10644;0
10647;0
10654;0
10657;0
10658;0
10673;0
10675;0
10680;0
10684;0
10687;0
10691;0
10693;0
10695;0
10696;1
10698;0
10702;1
10704;0
10706;0
10709;0
10720;0
10721;0
10728;0
10731;0
10739;0
10742;0
10744;0
10746;0
10755;0
10758;0
10764;0
10769;1
10781;0
10785;1
10787;0
10788;0
10789;0
10799;0
10805;0
10808;0
10818;0
10819;1
10828;0
10831;1
10832;0
10839;1
10848;0
10859;0
10862;1
10864;0
10865;0
10872;0
10884;0
10888;0
10893;0
10894;0
10903;0
10906;0
10909;0
10912;0
10921;0
10922;0
10926;0
10933;0
10937;1
10938;0
10946;0
10949;0
10951;0
10957;0
10963;0
10964;1
10967;0
10968;0
10975;1
10977;0
10978;1
10982;0
10983;1
11001;0
11008;0
11010;0
11016;0
11023;0
11024;0
11034;1
11036;0
11044;1
11046;0
11047;0
11052;0
11054;0
11059;0
11063;0
11066;0
11068;0
11078;0
11092;0
11093;0
11095;0
11096;0
11099;1
11101;0
11102;0
11104;0
11105;1
11120;0
11122;0
11124;0
11131;1
11133;0
11138;0
11139;0
11140;0
11147;0
11148;0
11149;0
11153;0
11156;0
11158;0
11159;0
11176;0
11193;0
11194;0
11195;0
11202;0
11203;0
11207;1
11216;0
11236;0
11240;1
11241;0
11243;0
11258;0
11268;0
11273;1
11279;0
11282;0
11291;0
11295;0
11308;0
11318;0
11322;0
11329;0
11331;0
11336;0
11337;0
11343;1
11346;1
11349;0
11355;0
11360;1
11367;0
11396;0
11401;0
11412;0
11416;0
11418;0
11419;0
11436;1
11442;0
11446;0
11450;0
11451;0
11462;0
11473;1
11479;0
11486;1
11513;0
11516;0
11518;0
11530;0
11532;0
11543;0
11547;0
11554;0
11558;0
11568;0
11569;0
11570;0
11571;0
11572;0
11573;0
11582;0
11584;0
11594;0
11597;0
11599;0
11602;0
11605;0
11608;0
11628;0
11630;0
11635;0
11638;0
11643;0
11648;0
11654;0
11657;0
11670;0
11673;0
11675;0
11687;0
11688;0
11689;0
11692;0
11693;0
11697;0
11706;1
11708;0
11713;1
11715;0
11723;0
11724;0
11732;0
11733;0
11740;1
11743;0
11746;0
11753;0
11755;0
11758;0
11767;0
11770;0
11771;0
11773;0
11780;0
11784;0
11785;0
11815;0
11816;0
11821;0
11822;0
11828;1
11829;0
11830;1
11831;0
11833;0
11834;0
11842;0
11843;0
11845;1
11853;0
11858;0
11866;0
11869;0
11870;0
11873;0
11876;0
11880;0
11881;0
11886;0
11892;0
11894;0
11907;0
11911;0
11912;0
11913;0
11916;0
11919;0
11936;0
11939;0
11945;0
11959;0
11963;0
11966;0
11968;0
11970;0
11977;0
11979;0
11987;0
11991;0
11995;0
11996;0
12010;0
12011;1
12014;0
12015;0
12018;1
12022;1
12031;0
12033;0
12038;0
12044;0
12045;0
12050;0
12052;0
12055;0
12068;0
12070;0
12074;0
12081;0
12085;0
12087;0
12096;0
12097;1
12104;0
12105;0
12106;0
12112;0
12114;0
12124;1
12126;1
12131;0
12146;0
12151;0
12152;0
12153;0
12154;0
12158;0
12162;0
12166;0
12170;0
12175;0
12189;0
12198;0
12204;0
12209;0
12212;0
12236;1
12254;0
12256;0
12262;0
12264;1
12268;0
12269;1
12274;0
12275;1
12287;1
12288;0
12291;0
12293;0
12294;0
12300;0
12305;0
12320;0
12323;0
12324;0
12331;0
12340;0
12345;1
12349;0
12358;0
12364;0
12376;0
12377;0
12378;0
12381;0
12383;0
12385;0
12391;1
12395;0
12397;0
12402;0
12412;0
12417;1
12424;0
12430;0
12436;0
12444;0
12445;0
12448;1
12450;0
12452;0
12455;0
12456;0
12457;0
12461;0
12475;0
12492;0
12495;0
12496;1
12499;0
12503;0
12506;0
12515;0
12519;1
12524;0
12530;0
12532;0
12536;0
12540;0
12542;1
12546;0
12547;0
12551;1
12558;0
12564;0
12574;0
12580;0
12586;0
12587;0
12588;1
12592;0
12606;0
12608;0
12614;0
12617;0
12628;0
12632;0
12635;0
12637;0
12638;0
12657;0
12665;0
12677;0
12678;0
12687;0
12690;0
12694;0
12695;1
12696;0
12698;0
12700;0
12716;0
12721;0
12723;0
12724;1
12729;0
12730;0
12737;0
12746;1
12749;0
12750;0
12763;0
12764;0
12767;0
12772;0
12778;0
12781;1
12784;0
12785;0
12789;0
12792;0
12799;0
12801;0
12812;0
12814;0
12816;0
12817;0
12823;0
12828;0
12830;0
12836;0
12839;0
12844;0
12846;1
12856;0
12861;0
12866;0
12871;0
12872;0
12875;0
12878;0
12883;0
12886;0
12889;0
12891;0
12897;0
12904;0
12906;0
12912;0
12918;0
12926;0
12930;0
12933;0
12941;0
12945;0
12952;0
12955;0
12957;0
12962;0
12964;1
12971;0
12987;1
12999;0
13002;0
13004;0
13005;0
13008;0
13009;0
13011;0
13018;0
13032;0
13035;0
13036;0
13038;0
13046;1
13053;0
13054;0
13069;0
13075;0
13082;0
13086;0
13091;0
13092;0
13094;0
13108;0
13114;0
13116;0
13120;0
13123;0
13133;0
13140;0
13150;0
13154;1
13158;0
13161;0
13165;0
13180;0
13182;0
13185;1
13189;1
13190;0
13194;0
13195;0
13197;1
13198;0
13204;0
13208;0
13211;0
13213;0
13215;0
13224;0
13229;0
13238;0
13239;0
13252;0
13255;1
13264;0
13269;0
13289;0
13294;0
13296;0
13297;0
13299;0
13308;0
13311;0
13315;0
13316;0
13318;0
13320;0
13322;0
13328;0
13331;0
13334;0
13346;0
13352;0
13353;0
13355;0
13357;0
13358;0
13359;0
13367;0
13371;0
13372;0
13379;0
13397;0
13403;0
13404;0
13405;0
13406;0
13409;0
13419;0
13420;0
13430;0
13434;0
13435;0
13438;0
13452;0
13453;1
13464;0
13465;0
13473;0
13477;0
13486;0
13494;0
13496;0
13497;0
13507;0
13508;0
13509;0
13510;0
13513;0
13514;0
13516;0
13518;0
13519;0
13528;0
13531;0
13535;0
13538;0
13539;0
13540;0
13543;0
13549;0
13554;0
13560;0
13566;0
13567;0
13571;0
13576;1
13577;0
13579;0
13580;0
13583;0
13591;0
13607;0
13608;0
13621;0
13627;0
13639;0
13644;0
13646;0
13652;0
13653;0
13654;1
13663;0
13664;0
13665;0
13666;0
13670;0
13673;0
13675;1
13677;1
13686;0
13697;1
13704;0
13708;0
13715;0
13720;1
13730;0
13735;0
13739;1
13740;1
13741;0
13747;0
13754;0
13759;0
13763;0
13771;0
13773;1
13783;1
13810;0
13814;0
13827;0
13828;0
13832;0
13839;0
13841;0
13863;0
13865;1
13870;0
13872;0
13874;0
13881;0
13892;0
13895;0
13900;0
13920;0
13923;0
13925;0
13926;0
13928;0
13934;0
13938;1
13941;0
13943;0
13946;0
13951;0
13964;0
13970;0
13974;0
13976;0
13984;0
13987;0
13994;0
13999;0
14002;0
14015;0
14017;0
14021;0
14026;0
14027;0
14028;0
14032;0
14044;0
14048;0
14056;0
14057;0
14060;0
14061;0
14062;0
14064;0
14065;0
14067;0
14070;0
14075;0
14083;0
14085;1
14092;0
14098;0
14105;0
14106;0
14108;0
14110;0
14123;0
14129;0
14141;0
14144;1
14145;0
14152;0
14154;0
14161;0
14162;0
14164;0
14167;0
14168;0
14170;0
14178;0
14183;0
14186;0
14190;0
14194;0
14196;0
14211;0
14214;0
14215;0
14222;0
14223;0
14228;0
14235;0
14243;0
14245;1
14246;0
14250;0
14254;0
14259;1
14262;0
14267;0
14274;0
14275;0
14277;0
14283;0
14290;0
14293;0
14295;1
14298;0
14299;0
14303;0
14322;0
14327;0
14328;0
14330;1
14335;0
14340;0
14342;0
14351;0
14354;0
14355;0
14366;1
14376;0
14378;0
14380;0
14384;0
14389;0
14395;0
14400;0
14402;0
14403;0
14405;0
14413;0
14417;0
14429;1
14434;0
14441;0
14443;0
14444;0
14455;0
14456;0
14457;0
14469;0
14471;1
14473;0
14487;0
14497;0
14499;0
14502;0
14505;0
14507;0
14521;0
14538;0
14552;1
14553;0
14556;0
14562;0
14563;1
14570;1
14583;0
14584;1
14593;0
14596;0
14598;0
14603;0
14606;0
14611;0
14612;0
14614;0
14615;0
14620;0
14623;0
14628;0
14634;0
14636;0
14656;0
14663;0
14665;0
14666;0
14669;0
14671;0
14674;0
14675;0
14677;0
14678;0
14682;0
14684;0
14688;0
14693;0
14696;1
14697;0
14699;0
14701;0
14703;0
14709;1
14714;0
14718;1
14720;0
14721;0
14723;1
14728;0
14740;0
14747;0
14749;0
14753;0
14755;0
14756;0
14757;0
14759;0
14760;0
14764;1
14779;1
14794;1
14799;0
14800;0
14812;0
14814;0
14822;0
14827;0
14832;0
14835;0
14846;0
14855;0
14864;0
14871;0
14874;0
14879;0
14882;0
14884;1
14890;0
14891;0
14901;0
14913;0
14914;0
14922;0
14926;0
14931;0
14932;0
14938;1
14944;0
14949;0
14951;1
14965;0
14975;0
14977;1
14981;1
14984;0
14995;0
14997;0
15012;0
15015;0
15028;0
15032;0
15034;1
15036;0
15040;0
15050;0
15051;0
15052;0
15059;0
15061;1
15068;0
15075;0
15079;0
15082;0
15083;0
15089;1
15096;0
15100;0
15101;1
15105;0
15109;0
15110;0
15113;0
15116;0
15125;0
15130;0
15132;0
15134;0
15136;0
15140;0
15144;0
15149;0
15156;0
15185;1
15186;1
15188;0
15195;0
15197;0
15202;1
15207;0
15213;0
15216;0
15217;0
15219;0
15230;0
15235;0
15237;1
15248;0
15251;1
15252;1
15253;0
15258;0
15272;0
15285;0
15288;0
15291;0
15292;0
15298;0
15306;0
15308;0
15309;1
15310;0
15311;0
15320;0
15328;0
15331;0
15333;0
15334;0
15351;1
15360;0
15361;0
15362;0
15370;0
15372;0
15375;0
15377;0
15380;0
15384;1
15391;0
15393;0
15399;0
15400;0
15403;0
15418;0
15428;1
15429;0
15434;0
15438;0
15447;0
15456;0
15458;0
15463;0
15464;0
15467;1
15469;0
15470;1
15471;0
15481;1
15486;0
15489;0
15490;0
15492;0
15494;0
15496;1
15525;0
15527;0
15531;0
15535;0
15541;0
15542;0
15543;0
15544;0
15545;1
15554;0
15556;1
15561;0
15566;0
15567;0
15569;0
15570;0
15583;0
15584;0
15585;0
15592;0
15594;1
15603;0
15606;0
15615;1
15618;0
15622;0
15625;0
15638;0
15651;0
15657;0
15660;0
15675;0
15683;0
15684;0
15691;0
15702;0
15706;0
15715;0
15727;1
15731;0
15734;0
15738;0
15740;0
15743;0
15744;0
15749;0
15760;1
15761;1
15764;1
15770;0
15780;0
15782;0
15784;0
15795;0
15796;0
15797;0
15798;0
15800;0
15806;0
15809;0
15814;0
15817;0
15820;0
15828;0
15835;0
15836;0
15841;0
15849;0
15860;0
15866;0
15867;0
15868;1
15871;0
15880;0
15884;0
15887;0
15889;0
15894;0
15898;0
15902;0
15909;0
15912;0
15924;0
15929;0
15936;1
15946;0
15947;0
15949;0
15952;0
15962;0
15969;0
15998;0
16000;0
16009;0
16011;0
16014;0
16021;0
16025;0
16031;0
16035;0
16037;0
16044;0
16047;0
16061;0
16062;0
16066;0
16085;0
16095;0
16100;0
16104;1
16105;0
16109;0
16120;0
16122;0
16124;0
16125;1
16126;1
16134;0
16145;0
16148;0
16166;0
16173;0
16178;1
16179;0
16182;0
16195;0
16196;0
16197;0
16207;0
16213;0
16224;1
16231;0
16233;0
16236;1
16242;0
16243;0
16247;0
16248;1
16251;0
16261;0
16264;0
16266;0
16271;0
16272;0
16275;0
16277;0
16279;0
16286;0
16292;0
16295;0
16309;0
16314;0
16315;0
16317;0
16320;0
16334;0
16340;1
16343;0
16347;0
16356;0
16357;0
16358;0
16364;0
16370;0
16373;0
16375;1
16383;0
16394;0
16395;0
16396;0
16407;0
16410;0
16411;0
16412;0
16413;0
16414;0
16421;0
16426;0
16428;0
16429;0
16431;0
16434;0
16435;0
16436;0
16438;0
16439;0
16444;0
16447;0
16448;0
16450;0
16459;0
16460;1
16465;0
16470;1
16478;1
16483;0
16488;1
16496;0
16503;1
16507;0
16509;0
16515;1
16517;0
16524;0
16531;0
16536;1
16539;0
16543;1
16544;1
16551;0
16568;0
16570;0
16598;0
16609;0
16611;0
16612;0
16617;0
16618;0
16646;0
16655;0
16657;0
16661;0
16669;0
16671;0
16674;0
16678;0
16690;1
16691;1
16701;0
16705;1
16712;0
16723;1
16724;0
16726;0
16728;1
16739;0
16741;0
16743;0
16746;0
16762;0
16765;1
16769;1
16772;1
16773;0
16777;0
16791;0
16803;0
16809;0
16814;0
16818;0
16830;0
16832;0
16844;0
16850;1
16853;0
16854;1
16857;1
16871;0
16877;0
16879;0
16897;0
16913;0
16917;0
16921;0
16927;0
16928;0
16932;0
16941;0
16945;0
16946;1
16950;1
16955;0
16965;0
16969;0
16973;0
16980;0
16989;0
16994;0
16998;0
17006;0
17014;0
17021;1
17022;0
17023;0
17024;0
17027;0
17029;0
17031;0
17040;1
17046;0
17047;0
17055;0
17057;0
17058;1
17062;1
17071;0
17076;0
17077;1
17078;0
17081;0
17084;0
17091;0
17093;0
17098;0
17121;0
17122;1
17126;0
17137;0
17138;0
17141;1
17144;0
17152;0
17158;0
17160;1
17163;0
17166;0
17169;0
17172;0
17174;0
17185;0
17186;0
17192;1
17193;0
17208;1
17210;0
17214;0
17215;0
17232;0
17235;1
17238;0
17241;0
17242;0
17245;1
17246;0
17255;1
17265;0
17267;0
17281;0
17289;0
17303;0
17312;0
17315;0
17317;1
17320;1
17331;0
17337;0
17340;0
17342;0
17343;0
17358;0
17359;1
17361;0
17365;0
17370;0
17383;0
17386;0
17390;0
17392;0
17400;0
17403;1
17404;0
17407;0
17424;0
17427;0
17430;0
17432;1
17435;0
17439;0
17441;0
17444;0
17445;0
17446;0
17450;0
17451;0
17459;0
17463;0
17466;0
17472;0
17476;0
17477;0
17495;0
17501;0
17511;0
17517;1
17522;0
17528;0
17541;0
17542;1
17546;0
17557;0
17561;0
17563;0
17571;0
17573;0
17576;0
17577;0
17582;1
17592;1
17601;0
17602;0
17603;0
17604;0
17611;0
17612;0
17615;1
17623;1
17624;0
17628;0
17639;0
17651;0
17654;1
17658;0
17665;0
17666;0
17668;1
17672;0
17680;0
17681;0
17686;1
17688;1
17693;0
17697;0
17708;0
17711;1
17714;0
17718;0
17747;1
17755;0
17770;0
17772;0
17789;1
17793;0
17798;0
17804;0
17814;0
17815;0
17827;0
17829;0
17835;0
17837;1
17845;1
17846;0
17847;1
17849;0
17854;0
17857;0
17859;0
17860;0
17862;0
17864;1
17865;0
17883;0
17885;1
17899;0
17900;0
17904;1
17912;0
17915;0
17917;0
17918;0
17925;1
17930;0
17934;0
17940;0
17942;0
17949;0
17955;0
17957;0
17958;0
17966;0
17979;0
17990;0
17991;0
17998;0
18015;0
18018;0
18022;0
18023;0
18025;1
18026;0
18033;0
18040;1
18042;0
18044;0
18062;0
18065;0
18066;0
18069;0
18081;0
18084;0
18088;0
18100;1
18101;1
18120;0
18127;0
18128;0
18133;0
18142;0
18153;0
18166;0
18168;0
18170;1
18175;0
18184;0
18186;0
18192;0
18198;0
18210;0
18214;0
18215;0
18240;0
18243;0
18245;0
18247;0
18248;0
18251;1
18253;0
18254;0
18259;0
18260;1
18261;0
18264;0
18266;0
18281;0
18284;0
18285;0
18289;0
18292;0
18310;0
18318;0
18320;0
18322;0
18323;0
18328;0
18330;0
18334;0
18338;0
18343;0
18355;0
18359;0
18369;0
18380;0
18381;1
18382;1
18385;0
18393;0
18417;0
18418;0
18431;0
18436;0
18448;0
18469;0
18472;0
18487;0
18493;0
18509;0
18517;0
18519;1
18521;0
18525;0
18529;0
18530;0
18531;0
18549;0
18555;0
18567;0
18579;0
18582;0
18587;0
18590;0
18593;0
18594;0
18597;0
18600;0
18605;0
18617;0
18621;0
18624;0
18625;0
18626;1
18633;0
18641;0
18646;0
18656;0
18662;0
18663;0
18667;0
18669;0
18675;0
18680;0
18689;0
18698;0
18703;0
18709;0
18711;0
18714;0
18721;1
18722;0
18725;0
18726;1
18733;0
18734;0
18738;0
18751;0
18759;0
18766;0
18776;0
18778;0
18780;0
18784;0
18785;0
18786;0
18804;0
18806;0
18808;0
18810;0
18814;0
18816;0
18820;0
18822;1
18830;0
18839;0
18844;0
18845;0
18846;0
18851;0
18853;0
18857;0
18861;0
18865;1
18866;1
18867;0
18870;0
18871;0
18872;0
18878;0
18879;0
18880;0
18883;0
18892;0
18896;0
18900;0
18905;0
18911;1
18915;0
18916;0
18920;0
18932;0
18938;0
18939;0
18945;0
18948;0
18956;0
18963;0
18964;0
18966;0
18970;0
18975;0
18976;0
18977;0
18984;0
18985;0
19006;0
19007;0
19014;0
19015;0
19019;0
19022;1
19026;0
19029;0
19031;0
19034;0
19037;0
19042;0
19049;0
19050;1
19053;1
19054;0
19059;0
19063;0
19065;0
19074;0
19079;0
19082;0
19083;0
19084;1
19091;0
19095;0
19098;0
19102;0
19109;0
19110;0
19113;0
19115;0
19116;0
19119;0
19127;1
19128;0
19131;1
19132;0
19133;0
19140;0
19145;0
19156;0
19159;0
19168;0
19175;0
19176;0
19177;0
19186;0
19190;0
19191;0
19214;0
19219;0
19224;0
19227;0
19230;0
19231;0
19236;0
19244;0
19245;0
19249;0
19262;0
19265;1
19267;0
19273;0
19275;0
19278;0
19281;0
19284;0
19285;1
19290;0
19296;0
19299;0
19304;0
19306;0
19319;0
19322;0
19339;0
19346;0
19349;0
19362;0
19370;0
19373;0
19374;0
19377;0
19381;0
19392;0
19399;0
19404;0
19408;0
19410;0
19419;0
19434;0
19437;0
19442;0
19444;0
19448;0
19457;0
19459;0
19461;0
19462;0
19471;0
19475;0
19476;0
19485;0
19487;0
19495;0
19496;0
19507;1
19514;0
19516;0
19527;0
19535;0
19541;0
19543;0
19557;1
19558;0
19565;0
19568;0
19573;0
19575;0
19577;0
19587;0
19588;1
19589;0
19591;0
19597;0
19604;0
19612;0
19616;0
19617;1
19619;0
19620;0
19626;0
19627;0
19635;0
19636;0
19641;0
19644;0
19652;0
19657;0
19661;0
19663;0
19672;0
19674;0
19675;0
19681;0
19682;0
19683;0
19686;0
19688;0
19691;0
19696;0
19701;0
19705;0
19715;0
19719;0
19730;0
19732;0
19737;0
19747;0
19756;1
19759;0
19762;0
19764;0
19770;0
19772;0
19776;0
19781;0
19789;0
19794;0
19795;0
19797;0
19799;0
19805;0
19808;0
19812;0
19818;1
19823;0
19825;1
19828;0
19830;0
19831;0
19833;0
19835;1
19837;0
19841;0
19842;0
19843;1
19847;0
19859;0
19860;0
19864;0
19873;0
19874;0
19877;0
19880;0
19881;0
19885;0
19897;0
19915;0
19916;0
19923;0
19924;0
19926;0
19930;0
19946;0
19947;0
19952;0
19954;0
19963;0
19964;0
19972;0
19973;0
19976;0
19978;0
19979;0
19986;0
19987;0
19993;0
19999;0
20000;0
20014;0
20015;0
20020;0
20027;0
20028;0
20031;0
20033;0
20037;0
20040;0
20051;0
20059;0
20064;0
20069;0
20076;0
20080;0
20087;0
20088;0
20102;0
20108;0
20109;0
20114;0
20123;0
20129;0
20130;1
20140;0
20142;0
20145;0
20148;0
20150;0
20151;0
20157;0
20158;0
20176;0
20178;0
20190;0
20192;0
20197;0
20206;0
20209;0
20210;0
20216;0
20227;1
20228;0
20235;0
20238;0
20247;0
20254;0
20258;0
20262;0
20265;0
20274;0
20276;0
20280;0
20284;0
20292;0
20302;0
20319;1
20320;0
20324;0
20326;0
20327;0
20328;0
20354;0
20361;0
20368;1
20373;0
20374;0
20375;0
20376;0
20378;1
20385;1
20391;0
20398;0
20409;1
20410;0
20419;0
20420;0
20431;1
20434;0
20436;0
20438;1
20444;0
20450;0
20453;0
20455;0
20459;0
20461;0
20463;0
20469;0
20476;0
20486;0
20491;0
20493;0
20501;0
20502;0
20504;0
20511;0
20512;0
20513;0
20517;0
20524;1
20525;0
20526;1
20535;0
20539;0
20543;0
20549;1
20550;0
20552;0
20565;0
20568;0
20573;0
20577;0
20588;0
20589;0
20591;0
20610;1
20616;0
20617;0
20620;0
20630;0
20636;0
20637;0
20638;0
20646;0
20648;0
20650;0
20653;1
20654;0
20655;0
20659;0
20672;0
20677;0
20689;0
20696;0
20702;1
20704;0
20714;0
20718;0
20721;0
20722;1
20725;1
20732;0
20733;0
20738;1
20740;0
20742;1
20769;1
20770;0
20781;0
20782;0
20784;0
20789;0
20809;0
20812;0
20816;0
20818;0
20822;0
20828;0
20834;0
20841;0
20842;0
20844;0
20852;0
20856;1
20861;0
20862;0
20864;0
20872;0
20873;0
20876;0
20893;0
20898;0
20906;0
20911;0
20916;0
20931;0
20932;0
20935;0
20936;0
20941;0
20944;1
20946;0
20948;0
20951;0
20964;0
20966;0
20969;0
20982;0
20986;0
20987;1
20991;1
20995;0
20996;0
20999;0
21001;0
21007;0
21009;0
21016;0
21031;0
21036;0
21037;0
21042;0
21044;0
21048;0
21051;1
21056;0
21058;1
21059;0
21060;0
21063;0
21070;0
21080;0
21086;0
21089;0
21094;0
21097;0
21100;0
21115;0
21117;0
21120;0
21130;0
21131;0
21138;0
21145;0
21146;0
21149;0
21151;0
21154;0
21156;0
21159;0
21164;0
21166;1
21179;0
21180;0
21182;0
21186;0
21187;0
21188;0
21194;0
21200;0
21203;0
21210;0
21214;0
21218;1
21219;0
21222;1
21223;0
21229;0
21234;0
21237;0
21239;0
21241;1
21246;0
21249;0
21250;0
21251;0
21255;0
21261;0
21262;0
21265;0
21266;0
21271;0
21276;0
21282;0
21284;0
21288;0
21295;0
21301;0
21302;1
21303;0
21312;1
21321;0
21325;0
21327;0
21329;0
21330;0
21337;0
21339;0
21343;1
21348;0
21353;0
21357;0
21359;0
21378;0
21385;0
21386;0
21397;0
21408;0
21416;0
21418;0
21420;0
21437;0
21445;0
21456;0
21458;0
21465;0
21472;0
21473;0
21477;0
21481;1
21486;1
21488;0
21502;0
21505;0
21507;0
21530;0
21531;1
21533;1
21536;0
21549;1
21550;0
21562;1
21563;0
21568;0
21575;0
21582;0
21584;0
21586;0
21597;0
21599;0
21600;0
21612;0
21617;0
21618;0
21621;0
21630;0
21643;0
21645;0
21648;1
21655;0
21660;1
21663;0
21677;0
21684;0
21690;0
21694;0
21696;0
21704;0
21708;1
21709;1
21711;0
21713;0
21727;1
21736;0
21737;0
21738;0
21739;0
21740;1
21744;0
21745;0
21751;0
21763;0
21771;0
21773;0
21774;0
21780;0
21784;0
21785;0
21786;0
21810;1
21811;1
21823;0
21824;0
21827;0
21832;0
21833;0
21834;1
21842;0
21845;0
21847;0
21848;1
21851;0
21852;0
21853;0
21859;0
21865;0
21868;0
21872;0
21876;0
21877;0
21881;0
21888;0
21891;0
21895;0
21898;0
21899;0
21901;1
21907;0
21916;0
21918;0
21928;0
21930;0
21939;0
21943;0
21947;0
21960;0
21974;0
21978;0
21982;0
21989;0
21997;0
22006;0
22009;0
22015;0
22017;0
22029;0
22038;0
22052;0
22058;0
22060;0
22074;0
22082;0
22085;0
22095;1
22097;0
22100;0
22113;0
22114;0
22120;1
22121;0
22123;0
22127;0
22147;0
22149;0
22150;0
22152;0
22154;0
22161;0
22165;0
22173;0
22174;0
22177;1
22178;0
22188;0
22192;0
22193;0
22198;0
22204;0
22205;0
22211;0
22215;0
22217;0
22223;0
22224;0
22234;0
22244;0
22248;0
22254;0
22256;0
22259;0
22272;0
22274;0
22277;0
22278;0
22282;0
22284;0
22287;0
22290;0
22292;0
22296;0
22299;0
22321;0
22322;0
22324;0
22327;0
22341;0
22350;0
22360;0
22363;0
22366;0
22369;0
22373;0
22375;0
22396;0
22404;0
22411;0
22418;0
22423;0
22425;0
22426;0
22429;0
22433;0
22437;0
22439;1
22442;0
22445;0
22460;1
22464;0
22466;0
22468;0
22473;1
22477;0
22486;0
22508;0
22528;0
22532;0
22536;0
22538;0
22540;0
22546;0
22551;1
22555;0
22559;0
22564;0
22568;0
22571;0
22573;0
22581;0
22586;0
22595;0
22596;0
22609;0
22611;1
22618;0
22620;0
22629;0
22634;0
22639;0
22644;0
22645;0
22647;0
22649;0
22650;0
22656;0
22659;0
22666;0
22668;0
22671;0
22675;0
22677;0
22678;0
22680;0
22700;0
22706;0
22718;0
22721;0
22726;0
22728;0
22730;0
22743;0
22747;1
22758;0
22768;0
22772;0
22781;0
22787;1
22789;1
22792;1
22793;0
22798;0
22799;0
22801;0
22806;0
22807;0
22810;0
22813;0
22827;0
22836;0
22837;0
22842;0
22843;0
22844;0
22845;0
22850;0
22853;0
22855;0
22857;0
22864;0
22865;0
22869;0
22877;0
22882;0
22884;0
22885;0
22893;0
22911;0
22912;0
22918;0
22919;0
22927;0
22933;0
22934;0
22935;0
22937;0
22944;0
22945;0
22951;0
22955;0
22957;0
22960;0
22963;0
22986;0
22990;0
22993;0
22997;0
23005;0
23006;1
23007;0
23015;0
23018;0
23022;0
23027;0
23051;0
23053;0
23072;0
23073;0
23075;0
23098;0
23105;0
23108;0
23109;0
23111;0
23114;0
23118;0
23119;0
23126;0
23131;0
23147;0
23155;0
23156;0
23161;0
23162;0
23174;0
23182;0
23184;0
23193;0
23201;0
23202;0
23204;0
23207;0
23211;1
23214;0
23220;0
23224;0
23228;0
23229;0
23230;0
23238;0
23241;0
23261;0
23273;0
23274;0
23281;0
23284;0
23290;0
23297;0
23299;0
23301;0
23308;0
23316;1
23318;0
23322;0
23323;0
23326;0
23327;0
23339;1
23340;1
23346;0
23354;0
23361;0
23362;0
23368;0
23369;0
23379;0
23382;0
23389;0
23406;0
23407;0
23408;0
23418;1
23427;1
23440;0
23450;0
23451;0
23454;0
23458;0
23462;0
23470;0
23478;1
23479;0
23491;0
23492;0
23494;0
23496;0
23506;1
23507;0
23511;0
23516;0
23521;0
23539;0
23541;0
23546;0
23550;0
23562;0
23563;0
23564;0
23575;0
23576;0
23579;0
23587;0
23602;0
23604;0
23606;0
23612;0
23616;1
23618;0
23627;0
23630;0
23636;0
23637;0
23639;0
23642;0
23646;1
23651;0
23652;0
23655;0
23656;0
23659;0
23662;0
23664;0
23672;0
23677;0
23681;0
23685;0
23689;0
23691;0
23695;0
23696;0
23699;0
23708;0
23713;0
23714;0
23717;0
23725;0
23732;0
23735;0
23739;0
23740;0
23744;0
23752;0
23765;0
23766;0
23776;0
23779;0
23780;0
23785;0
23792;1
23800;0
23811;0
23817;0
23824;0
23830;0
23834;1
23842;0
23843;0
23845;0
23854;0
23862;0
23864;1
23867;0
23871;0
23876;0
23880;0
23890;0
23904;0
23910;0
23912;0
23917;0
23919;0
23931;0
23935;1
23937;1
23940;0
23952;0
23968;0
23970;0
23975;0
23980;1
23988;0
23995;0
23997;0
23999;0
24001;1
24004;1
24006;0
24011;0
24014;1
24016;0
24022;0
24026;1
24031;0
24034;0
24036;0
24038;0
24039;1
24047;0
24050;0
24056;0
24057;1
24058;0
24063;0
24065;0
24066;0
24068;0
24069;0
24075;0
24076;1
24082;0
24084;0
24087;0
24091;0
24097;0
24107;0
24108;0
24114;0
24127;1
24135;0
24145;0
24149;0
24152;0
24159;0
24163;0
24164;0
24170;0
24171;0
24173;0
24174;0
24181;0
24182;0
24185;0
24187;0
24202;0
24210;0
24220;0
24223;0
24233;0
24236;0
24248;0
24251;0
24253;0
24279;0
24284;0
24287;1
24291;0
24296;0
24300;0
24302;0
24312;0
24321;0
24322;0
24326;0
24332;0
24339;0
24340;0
24344;0
24347;0
24353;0
24356;0
24363;0
24365;0
24374;0
24382;1
24384;0
24394;0
24399;0
24400;0
24404;0
24405;0
24406;0
24409;0
24415;0
24424;1
24435;0
24439;0
24441;1
24444;0
24446;0
24449;1
24450;0
24454;0
24455;0
24456;0
24458;0
24465;0
24470;0
24476;0
24479;1
24484;0
24490;0
24491;0
24492;0
24509;0
24515;0
24520;0
24527;0
24533;0
24534;0
24538;0
24539;0
24545;0
24550;0
24570;0
24578;0
24585;0
24593;0
24596;0
24602;1
24605;0
24613;0
24635;0
24637;0
24638;0
24643;0
24662;0
24664;0
24677;1
24681;0
24682;0
24688;0
24691;0
24695;0
24698;1
24707;0
24718;0
24719;0
24720;0
24725;0
24741;0
24749;0
24761;0
24765;0
24766;1
24769;0
24771;0
24778;0
24784;0
24785;0
24787;0
24798;1
24801;0
24802;1
24807;0
24815;0
24817;0
24826;0
24827;0
24831;0
24837;0
24838;0
24848;0
24852;0
24859;0
24866;0
24869;0
24873;0
24876;0
24886;0
24890;0
24896;0
24897;0
24900;1
24901;0
24907;1
24911;0
24915;0
24916;0
24919;0
24928;0
24929;0
24942;0
24946;0
24948;0
24952;0
24956;0
24957;0
24959;0
24962;0
24964;0
24973;0
24979;0
24983;0
24989;0
24990;0
24995;0
25004;0
25009;1
25010;0
25011;0
25024;0
25026;0
25028;0
25030;0
25035;0
25038;0
25056;0
25058;0
25062;0
25065;0
25066;0
25070;1
25084;0
25085;1
25086;0
25087;0
25089;0
25090;0
25141;0
25142;0
25144;1
25149;0
25150;0
25151;0
25158;0
25159;0
25160;0
25161;1
25174;0
25177;1
25182;0
25183;1
25188;0
25198;0
25199;0
25212;0
25232;0
25239;0
25243;0
25245;0
25247;0
25249;1
25251;0
25258;1
25259;0
25260;1
25261;0
25270;0
25275;0
25281;0
25282;0
25286;1
25302;0
25304;0
25306;0
25310;0
25313;0
25323;0
25327;0
25330;0
25334;0
25336;0
25338;0
25341;0
25342;0
25344;0
25354;0
25355;0
25357;0
25358;0
25359;0
25364;1
25373;0
25377;0
25380;0
25386;0
25392;0
25393;0
25401;1
25404;0
25424;0
25435;0
25442;0
25452;0
25454;0
25459;0
25460;0
25462;0
25465;0
25466;0
25476;0
25477;0
25483;0
25485;1
25489;0
25494;0
25500;0
25502;0
25504;0
25505;0
25510;0
25520;0
25522;0
25530;0
25531;1
25535;0
25560;0
25562;0
25564;0
25576;0
25578;0
25585;1
25587;0
25588;1
25590;0
25602;0
25616;0
25632;0
25638;0
25644;0
25652;0
25659;0
25662;0
25671;0
25673;0
25679;1
25690;0
25692;0
25695;0
25703;0
25707;0
25708;0
25709;0
25714;0
25719;0
25726;1
25729;0
25734;0
25743;0
25749;0
25754;0
25761;0
25762;0
25764;1
25766;0
25772;0
25773;0
25778;0
25779;0
25783;0
25785;0
25786;0
25788;0
25791;0
25794;0
25796;0
25800;0
25810;0
25814;0
25817;0
25819;0
25823;0
25825;0
25831;0
25835;1
25839;0
25848;0
25860;0
25864;0
25867;0
25869;0
25874;0
25877;0
25881;0
25891;0
25901;0
25902;0
25904;0
25905;0
25907;0
25911;0
25922;0
25923;0
25931;0
25932;0
25937;0
25953;0
25957;0
25958;0
25969;0
25970;0
25972;0
25985;0
25988;0
26005;0
26015;0
26027;0
26031;0
26034;0
26035;1
26046;0
26050;0
26061;0
26075;0
26076;0
26080;0
26081;0
26087;1
26092;0
26120;0
26122;0
26124;0
26125;0
26127;0
26135;0
26148;0
26153;0
26155;0
26164;0
26166;0
26172;0
26173;0
26175;0
26176;0
26177;0
26182;0
26186;0
26189;0
26208;0
26216;0
26218;0
26221;0
26223;0
26238;0
26240;0
26252;0
26261;0
26263;0
26265;0
26269;0
26271;0
26273;0
26279;0
26282;0
26289;0
26294;0
26297;0
26298;1
26305;0
26307;0
26310;0
26314;1
26321;0
26326;0
26327;0
26332;0
26346;0
26348;0
26350;0
26355;0
26362;0
26367;0
26370;0
26373;0
26374;0
26377;0
26381;0
26382;1
26384;0
26388;0
26403;0
26404;0
26407;0
26417;0
26419;0
26421;0
26425;0
26427;0
26433;0
26435;0
26436;0
26441;1
26447;1
26449;0
26457;0
26458;0
26461;0
26466;0
26468;0
26469;0
26475;0
26477;0
26482;0
26493;0
26500;0
26501;1
26502;0
26508;0
26529;0
26531;1
26538;0
26547;0
26557;1
26564;0
26567;0
26569;0
26571;0
26574;0
26583;0
26584;0
26590;0
26592;0
26594;0
26601;0
26607;0
26608;0
26611;0
26613;0
26624;0
26628;1
26638;0
26640;0
26643;0
26644;1
26666;0
26668;0
26683;0
26689;0
26696;0
26699;0
26703;1
26705;0
26707;1
26709;0
26710;0
26715;0
26719;0
26721;0
26725;0
26726;0
26733;0
26735;0
26740;0
26741;0
26746;0
26752;0
26754;0
26758;0
26759;0
26764;0
26767;0
26768;0
26771;0
26772;0
26777;0
26778;0
26787;0
26788;0
26794;0
26796;0
26800;0
26808;0
26817;0
26821;0
26823;0
26828;0
26829;0
26830;0
26838;0
26839;0
26845;0
26847;1
26850;1
26854;0
26856;0
26869;0
26874;0
26875;0
26877;0
26880;0
26882;0
26900;0
26901;0
26902;0
26906;0
26907;0
26910;0
26912;0
26913;0
26917;1
26930;0
26932;0
26942;0
26951;0
26962;0
26963;0
26967;0
26968;0
26972;0
26983;0
26987;0
26990;0
27003;0
27005;0
27007;0
27010;0
27024;0
27025;1
27028;1
27039;0
27041;0
27051;0
27052;0
27071;0
27074;0
27078;1
27081;0
27082;0
27090;0
27094;0
27105;0
27106;0
27110;0
27113;0
27116;0
27122;0
27125;0
27133;0
27137;1
27141;0
27143;0
27145;0
27150;1
27159;0
27162;0
27163;0
27168;0
27175;0
27181;0
27188;0
27193;1
27194;0
27198;0
27199;0
27201;0
27202;0
27209;0
27211;0
27222;1
27233;0
27235;0
27237;0
27239;0
27248;0
27252;0
27262;1
27264;1
27265;0
27268;1
27270;0
27271;0
27273;0
27275;0
27277;1
27279;0
27284;0
27285;0
27287;0
27292;0
27298;0
27307;0
27313;0
27320;0
27337;1
27338;0
27340;0
27352;0
27356;0
27366;0
27370;0
27372;0
27374;0
27379;0
27382;0
27386;0
27387;1
27396;0
27397;0
27400;0
27403;0
27416;0
27420;0
27424;0
27427;0
27430;0
27434;0
27438;0
27450;0
27455;0
27463;0
27467;0
27469;0
27474;1
27475;0
27478;0
27482;0
27489;0
27490;0
27501;0
27503;0
27508;0
27511;1
27515;0
27522;0
27533;0
27537;1
27543;0
27544;0
27547;0
27552;0
27570;0
27573;0
27577;0
27591;0
27593;0
27599;0
27602;0
27605;0
27606;0
27611;0
27615;0
27618;0
27626;0
27627;0
27637;0
27642;0
27645;0
27653;0
27657;0
27658;1
27663;0
27670;0
27676;1
27679;0
27684;1
27701;0
27709;0
27713;0
27716;0
27720;0
27723;0
27729;0
27733;0
27734;0
27742;0
27754;0
27756;0
27757;0
27759;0
27763;0
27765;0
27770;0
27779;0
27781;0
27786;0
27795;0
27798;0
27801;1
27803;0
27809;0
27818;0
27821;0
27841;0
27847;0
27853;1
27862;0
27866;0
27870;0
27878;0
27881;0
27887;0
27903;0
27904;0
27907;0
27912;0
27918;0
27930;1
27933;1
27934;0
27935;0
27936;0
27940;0
27946;0
27949;0
27954;0
27960;0
27961;0
27962;0
27965;0
27969;0
27974;0
27982;0
27987;0
27995;0
28000;0
28001;0
28004;0
28010;0
28015;0
28017;0
28029;0
28039;0
28052;0
28053;0
28058;1
28059;0
28061;0
28063;0
28068;0
28070;0
28073;0
28079;0
28081;0
28083;0
28091;0
28093;0
28095;0
28100;1
28103;1
28104;0
28113;0
28133;0
28142;0
28144;1
28150;1
28151;1
28154;0
28156;0
28157;0
28160;0
28161;0
28164;0
28166;0
28168;0
28170;0
28190;0
28203;0
28206;0
28210;0
28216;0
28217;0
28221;1
28225;0
28226;0
28229;0
28231;0
28234;0
28237;0
28240;0
28241;0
28255;0
28258;0
28259;0
28262;1
28263;0
28265;0
28267;0
28269;0
28273;0
28275;0
28276;0
28280;0
28281;0
28289;0
28298;1
28318;0
28319;0
28322;0
28323;0
28325;0
28329;0
28332;0
28343;0
28344;0
28356;0
28361;0
28363;0
28364;0
28367;0
28376;0
28377;1
28386;0
28393;0
28403;0
28404;0
28405;0
28424;0
28426;0
28427;1
28429;0
28434;0
28436;0
28440;0
28444;0
28447;0
28449;0
28451;0
28453;0
28467;0
28468;0
28471;0
28477;0
28479;0
28484;0
28486;0
28491;0
28500;0
28504;1
28516;0
28517;0
28518;0
28522;1
28529;0
28533;1
28540;0
28545;0
28552;0
28555;0
28556;0
28557;0
28561;0
28564;0
28566;0
28569;0
28573;0
28575;0
28577;1
28582;1
28583;0
28585;0
28590;0
28595;0
28606;0
28620;0
28622;0
28628;0
28639;0
28644;0
28649;0
28657;0
28660;0
28672;0
28673;0
28676;1
28677;0
28682;0
28691;0
28695;0
28699;0
28709;0
28716;0
28720;0
28740;0
28742;0
28755;0
28762;0
28786;0
28793;0
28795;0
28796;0
28797;0
28800;0
28801;1
28805;0
28807;0
28812;0
28813;0
28815;0
28824;0
28825;0
28835;0
28838;0
28842;0
28849;0
28854;0
28856;0
28859;1
28863;0
28864;0
28873;0
28876;0
28893;0
28901;0
28904;0
28911;0
28918;0
28923;0
28931;0
28935;0
28936;0
28944;0
28951;0
28959;1
28975;1
28978;0
28990;0
28998;0
29002;0
29008;0
29016;1
29017;0
29018;0
29031;0
29032;0
29035;0
29038;0
29050;0
29051;0
29062;0
29063;0
29073;0
29075;0
29085;0
29087;0
29088;0
29092;0
29093;0
29094;0
29104;0
29109;1
29113;0
29117;0
29125;0
29126;0
29134;0
29139;1
29146;0
29151;1
29159;0
29164;0
29165;0
29168;0
29177;1
29180;0
29185;0
29194;0
29199;0
29205;0
29206;0
29210;0
29216;0
29239;0
29242;0
29260;0
29261;0
29264;0
29271;0
29276;1
29280;0
29293;1
29297;0
29302;0
29303;0
29306;0
29333;0
29336;0
29338;0
29346;1
29348;1
29349;0
29354;0
29357;1
29359;0
29361;0
29368;0
29370;0
29382;0
29392;0
29397;0
29402;0
29414;1
29416;0
29426;0
29435;0
29442;0
29444;0
29457;0
29461;0
29462;0
29463;0
29470;0
29480;0
29483;0
29498;0
29499;0
29500;0
29507;0
29516;0
29518;0
29522;0
29525;1
29531;0
29535;0
29548;0
29550;0
29553;0
29554;0
29556;0
29559;0
29563;0
29564;0
29565;0
29566;0
29574;0
29581;0
29592;0
29594;0
29596;0
29600;0
29606;0
29608;0
29609;0
29612;0
29618;0
29620;0
29624;0
29637;0
29650;0
29652;1
29655;0
29657;0
29660;0
29661;0
29662;0
29674;0
29680;0
29686;0
29690;0
29691;0
29697;0
29704;0
29710;0
29713;0
29719;0
29723;0
29725;0
29731;0
29733;1
29761;0
29766;0
29771;1
29778;0
29789;0
29791;0
29806;0
29808;0
29811;0
29814;0
29820;0
29821;0
29822;0
29830;0
29831;0
29832;0
29833;0
29846;0
29850;0
29853;0
29866;0
29867;1
29869;0
29878;0
29879;0
29880;0
29882;0
29884;0
29887;0
29890;0
29895;0
29905;0
29906;0
29907;0
29908;0
29910;0
29914;0
29916;1
29917;0
29920;0
29925;0
29930;0
29935;0
29936;0
29944;0
29949;0
29954;0
29969;0
29984;0
29985;0
29986;0
29988;0
29993;0
29996;0
